Workbook
Name RANK: '2026'!$F$7:$AM$11

Sheet RANK
A1: Runner | B1: cumulative runs
A2: =IFERROR(__xludf.DUMMYFUNCTION("query(transpose(RANK),""Select Col5, Col2 order by Col2 desc"",0)"),"Scott") -> Scott | B2: =IFERROR(__xludf.DUMMYFUNCTION("""COMPUTED_VALUE"""),150.0) -> 150
A3: =IFERROR(__xludf.DUMMYFUNCTION("""COMPUTED_VALUE"""),"Aaron") -> Aaron | B3: =IFERROR(__xludf.DUMMYFUNCTION("""COMPUTED_VALUE"""),137.0) -> 137
A4: =IFERROR(__xludf.DUMMYFUNCTION("""COMPUTED_VALUE"""),"Cam") -> Cam | B4: =IFERROR(__xludf.DUMMYFUNCTION("""COMPUTED_VALUE"""),129.0) -> 129
A5: =IFERROR(__xludf.DUMMYFUNCTION("""COMPUTED_VALUE"""),"Alex 👑") -> Alex 👑 | B5: =IFERROR(__xludf.DUMMYFUNCTION("""COMPUTED_VALUE"""),122.0) -> 122
A6: =IFERROR(__xludf.DUMMYFUNCTION("""COMPUTED_VALUE"""),"Col") -> Col | B6: =IFERROR(__xludf.DUMMYFUNCTION("""COMPUTED_VALUE"""),115.0) -> 115
A7: =IFERROR(__xludf.DUMMYFUNCTION("""COMPUTED_VALUE"""),"Adam") -> Adam | B7: =IFERROR(__xludf.DUMMYFUNCTION("""COMPUTED_VALUE"""),114.0) -> 114
A8: =IFERROR(__xludf.DUMMYFUNCTION("""COMPUTED_VALUE"""),"Grant") -> Grant | B8: =IFERROR(__xludf.DUMMYFUNCTION("""COMPUTED_VALUE"""),94.0) -> 94
A9: =IFERROR(__xludf.DUMMYFUNCTION("""COMPUTED_VALUE"""),"Toby") -> Toby | B9: =IFERROR(__xludf.DUMMYFUNCTION("""COMPUTED_VALUE"""),73.0) -> 73
A10: =IFERROR(__xludf.DUMMYFUNCTION("""COMPUTED_VALUE"""),"Kate B") -> Kate B | B10: =IFERROR(__xludf.DUMMYFUNCTION("""COMPUTED_VALUE"""),67.0) -> 67
A11: =IFERROR(__xludf.DUMMYFUNCTION("""COMPUTED_VALUE"""),"Joe") -> Joe | B11: =IFERROR(__xludf.DUMMYFUNCTION("""COMPUTED_VALUE"""),62.0) -> 62
A12: =IFERROR(__xludf.DUMMYFUNCTION("""COMPUTED_VALUE"""),"Shane") -> Shane | B12: =IFERROR(__xludf.DUMMYFUNCTION("""COMPUTED_VALUE"""),60.0) -> 60
A13: =IFERROR(__xludf.DUMMYFUNCTION("""COMPUTED_VALUE"""),"Darren") -> Darren | B13: =IFERROR(__xludf.DUMMYFUNCTION("""COMPUTED_VALUE"""),51.0) -> 51
A14: =IFERROR(__xludf.DUMMYFUNCTION("""COMPUTED_VALUE"""),"Ming") -> Ming | B14: =IFERROR(__xludf.DUMMYFUNCTION("""COMPUTED_VALUE"""),46.0) -> 46
A15: =IFERROR(__xludf.DUMMYFUNCTION("""COMPUTED_VALUE"""),"Claire") -> Claire | B15: =IFERROR(__xludf.DUMMYFUNCTION("""COMPUTED_VALUE"""),45.0) -> 45
A16: =IFERROR(__xludf.DUMMYFUNCTION("""COMPUTED_VALUE"""),"Anna") -> Anna | B16: =IFERROR(__xludf.DUMMYFUNCTION("""COMPUTED_VALUE"""),44.0) -> 44
A17: =IFERROR(__xludf.DUMMYFUNCTION("""COMPUTED_VALUE"""),"+1's") -> +1's | B17: =IFERROR(__xludf.DUMMYFUNCTION("""COMPUTED_VALUE"""),43.0) -> 43
A18: =IFERROR(__xludf.DUMMYFUNCTION("""COMPUTED_VALUE"""),"Wes") -> Wes | B18: =IFERROR(__xludf.DUMMYFUNCTION("""COMPUTED_VALUE"""),42.0) -> 42
A19: =IFERROR(__xludf.DUMMYFUNCTION("""COMPUTED_VALUE"""),"Celeste") -> Celeste | B19: =IFERROR(__xludf.DUMMYFUNCTION("""COMPUTED_VALUE"""),40.0) -> 40
A20: =IFERROR(__xludf.DUMMYFUNCTION("""COMPUTED_VALUE"""),"Rhys") -> Rhys | B20: =IFERROR(__xludf.DUMMYFUNCTION("""COMPUTED_VALUE"""),35.0) -> 35
A21: =IFERROR(__xludf.DUMMYFUNCTION("""COMPUTED_VALUE"""),"Alex B") -> Alex B | B21: =IFERROR(__xludf.DUMMYFUNCTION("""COMPUTED_VALUE"""),27.0) -> 27
A22: =IFERROR(__xludf.DUMMYFUNCTION("""COMPUTED_VALUE"""),"Liam") -> Liam | B22: =IFERROR(__xludf.DUMMYFUNCTION("""COMPUTED_VALUE"""),26.0) -> 26
A23: =IFERROR(__xludf.DUMMYFUNCTION("""COMPUTED_VALUE"""),"Dan") -> Dan | B23: =IFERROR(__xludf.DUMMYFUNCTION("""COMPUTED_VALUE"""),22.0) -> 22
A24: =IFERROR(__xludf.DUMMYFUNCTION("""COMPUTED_VALUE"""),"Chartt") -> Chartt | B24: =IFERROR(__xludf.DUMMYFUNCTION("""COMPUTED_VALUE"""),20.0) -> 20
A25: =IFERROR(__xludf.DUMMYFUNCTION("""COMPUTED_VALUE"""),"Laura E") -> Laura E | B25: =IFERROR(__xludf.DUMMYFUNCTION("""COMPUTED_VALUE"""),20.0) -> 20
A26: =IFERROR(__xludf.DUMMYFUNCTION("""COMPUTED_VALUE"""),"Fraser") -> Fraser | B26: =IFERROR(__xludf.DUMMYFUNCTION("""COMPUTED_VALUE"""),19.0) -> 19
A27: =IFERROR(__xludf.DUMMYFUNCTION("""COMPUTED_VALUE"""),"Dan B") -> Dan B | B27: =IFERROR(__xludf.DUMMYFUNCTION("""COMPUTED_VALUE"""),18.0) -> 18
A28: =IFERROR(__xludf.DUMMYFUNCTION("""COMPUTED_VALUE"""),"Alex Kr") -> Alex Kr | B28: =IFERROR(__xludf.DUMMYFUNCTION("""COMPUTED_VALUE"""),13.0) -> 13
A29: =IFERROR(__xludf.DUMMYFUNCTION("""COMPUTED_VALUE"""),"Jack") -> Jack | B29: =IFERROR(__xludf.DUMMYFUNCTION("""COMPUTED_VALUE"""),11.0) -> 11
A30: =IFERROR(__xludf.DUMMYFUNCTION("""COMPUTED_VALUE"""),"Rohan") -> Rohan | B30: =IFERROR(__xludf.DUMMYFUNCTION("""COMPUTED_VALUE"""),10.0) -> 10
A31: =IFERROR(__xludf.DUMMYFUNCTION("""COMPUTED_VALUE"""),"Deano") -> Deano | B31: =IFERROR(__xludf.DUMMYFUNCTION("""COMPUTED_VALUE"""),7.0) -> 7
A32: =IFERROR(__xludf.DUMMYFUNCTION("""COMPUTED_VALUE"""),"Tarquin") -> Tarquin | B32: =IFERROR(__xludf.DUMMYFUNCTION("""COMPUTED_VALUE"""),7.0) -> 7
A33: =IFERROR(__xludf.DUMMYFUNCTION("""COMPUTED_VALUE"""),"Laura K") -> Laura K | B33: =IFERROR(__xludf.DUMMYFUNCTION("""COMPUTED_VALUE"""),4.0) -> 4
A34: =IFERROR(__xludf.DUMMYFUNCTION("""COMPUTED_VALUE"""),"Sam") -> Sam | B34: =IFERROR(__xludf.DUMMYFUNCTION("""COMPUTED_VALUE"""),3.0) -> 3
A35: =IFERROR(__xludf.DUMMYFUNCTION("""COMPUTED_VALUE"""),"Tim") -> Tim | B35: =IFERROR(__xludf.DUMMYFUNCTION("""COMPUTED_VALUE"""),3.0) -> 3

Sheet 2026
A1: Notes:
A2: - MSBB run is 4-weekly from Oct to May (during beach season)
A3: - MSBB run is 2-weekly from Jun to Sep (while beach is eroded)
A4: - Neighbourhood Loop (fortnightly) runs from Jun to Sep (while beach is eroded)
E7: =sum(F7:AL7) -> 5291.13 | F7: =sumif(F12:F174,"=x",$E$12:$E$174) -> 504.62 | G7: =sumif(G12:G174,"=x",$E$12:$E$174) -> 322.51 | H7: =sumif(H12:H174,"=x",$E$12:$E$174) -> 423.91 | I7: =sumif(I12:I174,"=x",$E$12:$E$174) -> 218.04 | J7: =sumif(J12:J174,"=x",$E$12:$E$174) -> 8.68 | K7: =sumif(K12:K174,"=x",$E$12:$E$174) -> 135.8 | L7: =sumif(L12:L174,"=x",$E$12:$E$174) -> 312.35 | M7: =sumif(M12:M174,"=x",$E$12:$E$174) -> 133.11 | ... AM7: =sumif(AM12:AM174,"=x",$E$12:$E$174) -> 0
E8: cumulative | F8: =F9+F10 -> 137 | G8: =G9+G10 -> 114 | H8: =H9+H10 -> 122 | I8: =I9+I10 -> 27 | J8: =J9+J10 -> 13 | K8: =K9+K10 -> 44 | L8: =L9+L10 -> 129 | M8: =M9+M10 -> 40 | ... AM8: =AM9+AM10 -> 43
A9: Pub hol | B9: Special event | C9: Attendance not recorded | E9: 2025 | F9: ='2025'!F9 -> 88 | G9: ='2025'!G9 -> 80 | H9: ='2025'!H9 -> 82 | I9: ='2025'!I9 -> 5 | J9: ='2025'!J9 -> 12 | K9: ='2025'!K9 -> 29 | L9: ='2025'!L9 -> 99 | M9: ='2025'!M9 -> 25 | ... Q9: ='2025'!Q9 -> 15 | R9: 0 | S9: ='2025'!R9 -> 24 | T9: 0 | U9: ='2025'!S9 -> 19 | V9: ='2025'!T9 -> 55 | W9: ='2025'!U9 -> 9 | X9: ='2025'!V9 -> 51 | Y9: ='2025'!W9 -> 39 | Z9: ='2025'!X9 -> 20 | AA9: ='2025'!Y9 -> 4 | AB9: ='2025'!Z9 -> 17 | ... AM9: ='2025'!AK9 -> 26
E10: 2026 | F10: =countif(F12:F1067,"x") -> 49 | G10: =countif(G12:G1067,"x") -> 34 | H10: =countif(H12:H1067,"x") -> 40 | I10: =countif(I12:I1067,"x") -> 22 | J10: =countif(J12:J1067,"x") -> 1 | K10: =countif(K12:K1067,"x") -> 15 | L10: =countif(L12:L1067,"x") -> 30 | M10: =countif(M12:M1067,"x") -> 15 | ... AL10: =countif(AL12:AL1067,"x") -> 16 | AM10: =sum(AM12:AM1067) -> 17 | AN10: =sum(F10:AM10) -> 546 | AO10: =sum(AO12:AO172) -> 5458.51
A11: Date | B11: Meet | C11: Run | D11: Approx kms | E11: Actual kms | F11: Aaron | G11: Adam | H11: Alex 👑 | I11: Alex B | J11: Alex Kr | K11: Anna | L11: Cam | M11: Celeste | N11: Chartt | O11: Claire | P11: Col | Q11: Dan | R11: Dan B | S11: Darren | T11: Deano | U11: Fraser | V11: Grant | W11: Jack | X11: Joe | Y11: Kate B | Z11: Laura E | AA11: Laura K | AB11: Liam | AC11: Ming | AD11: Rhys | AE11: Rohan | AF11: Sam | AG11: Scott | AH11: Shane | AI11: Tarquin | AJ11: Tim | AK11: Toby | AL11: Wes | AM11: +1's
A12: 46024 | B12: Il Lido | C12: Soft Sand | D12: 7 | E12: 7.1 | G12: x | H12: x | K12: x | L12: x | AG12: x | AN12: =countif(F12:AL12,"x")+AM12 -> 5 | AO12: =AN12*E12 -> 35.5
A13: =A12+3 -> 46027 | B13: Drift | C13: **Cruise | D13: 10 | E13: 10.41 | F13: x | H13: x | R13: x | X13: x | Y13: x | AH13: x | AK13: x | AN13: =countif(F13:AL13,"x")+AM13 -> 7 | AO13: =AN13*E13 -> 72.87
A14: =A13+2 -> 46029 | B14: Filament | C14: Social | D14: 8 | E14: 8 | F14: x | G14: x | H14: x | K14: x | L14: x | M14: x | O14: x | Q14: x | X14: x | Y14: x | AD14: x | AE14: x | AG14: x | AH14: x | AI14: x | AK14: x | AM14: 2 | AN14: =countif(F14:AL14,"x")+AM14 -> 18 | AO14: =AN14*E14 -> 144
A15: =A14+2 -> 46031 | B15: Il Lido | C15: Soft Sand | D15: 7 | E15: 7.06 | F15: x | G15: x | H15: x | L15: x | AE15: x | AN15: =countif(F15:AL15,"x")+AM15 -> 5 | AO15: =AN15*E15 -> 35.3
A16: =A15+3 -> 46034 | B16: Drift | C16: Cruise | D16: 10 | E16: 10.42 | F16: x | H16: x | O16: x | R16: x | S16: x | V16: x | X16: x | Y16: x | AH16: x | AK16: x | AN16: =countif(F16:AL16,"x")+AM16 -> 10 | AO16: =AN16*E16 -> 104.2
A17: =A16+2 -> 46036 | B17: Filament | C17: Intervals | D17: 8 | E17: 8.68 | F17: x | G17: x | H17: x | J17: x | K17: x | L17: x | M17: x | Q17: x | S17: x | V17: x | X17: x | Y17: x | AG17: x | AK17: x | AN17: =countif(F17:AL17,"x")+AM17 -> 14 | AO17: =AN17*E17 -> 121.52
A18: =A17+2 -> 46038 | B18: MSBB | C18: River Loop | D18: 12.5 | E18: 12.3 | F18: x | G18: x | H18: x | L18: x | V18: x | AG18: x | AK18: x | AM18: 1 | AN18: =countif(F18:AL18,"x")+AM18 -> 8 | AO18: =AN18*E18 -> 98.4
A19: =A18+3 -> 46041 | B19: Drift | C19: Intervals | D19: 10 | E19: 10.85 | F19: x | H19: x | R19: x | S19: x | V19: x | X19: x | AB19: x | AH19: x | AK19: x | AN19: =countif(F19:AL19,"x")+AM19 -> 9 | AO19: =AN19*E19 -> 97.65
A20: =A19+2 -> 46043 | B20: Filament | C20: Lakes Loop | D20: 12.5 | E20: 12.31 | F20: x | G20: x | H20: x | L20: x | M20: x | O20: x | P20: x | S20: x | V20: x | X20: x | AD20: x | AG20: x | AH20: x | AK20: x | AL20: x | AN20: =countif(F20:AL20,"x")+AM20 -> 15 | AO20: =AN20*E20 -> 184.65
A21: =A20+2 -> 46045 | B21: Il Lido | C21: Soft Sand | D21: 7 | E21: 7.11 | F21: x | G21: x | L21: x | P21: x | AG21: x | AN21: =countif(F21:AL21,"x")+AM21 -> 5 | AO21: =AN21*E21 -> 35.55
A22: =A21+3 -> 46048 | B22: Filament | C22: Half - Invasion Day | D22: 21.1 | E22: 21.27 | F22: x | G22: x | L22: x | P22: x | AG22: x | AN22: =countif(F22:AL22,"x")+AM22 -> 5 | AO22: =AN22*E22 -> 106.35
A23: =A22 -> 46048 | B23: Filament | C23: 10k - Invasion Day | D23: 10 | E23: 10 | I23: x | AM23: 1 | AN23: =countif(F23:AL23,"x")+AM23 -> 2 | AO23: =AN23*E23 -> 20
A24: =A23+2 -> 46050 | B24: Filament | C24: Intervals | D24: 8 | E24: 8.77 | F24: x | G24: x | H24: x | I24: x | M24: x | N24: x | P24: x | V24: x | W24: x | X24: x | AG24: x | AK24: x | AL24: x | AN24: =countif(F24:AL24,"x")+AM24 -> 13 | AO24: =AN24*E24 -> 114.01
A25: =A24+2 -> 46052 | B25: Il Lido | C25: Soft Sand | D25: 7 | E25: 7.08 | F25: x | G25: x | P25: x | AC25: x | AG25: x | AN25: =countif(F25:AL25,"x")+AM25 -> 5 | AO25: =AN25*E25 -> 35.4
A26: =A25+3 -> 46055 | B26: Drift | C26: Intervals | D26: 10 | E26: 11 | I26: x | V26: x | X26: x | Y26: x | AC26: x | AK26: x | AN26: =countif(F26:AL26,"x")+AM26 -> 6 | AO26: =AN26*E26 -> 66
A27: =A26+2 -> 46057 | B27: Filament | C27: Social | D27: 8 | E27: 7.99 | F27: x | G27: x | H27: x | I27: x | K27: x | M27: x | N27: x | O27: x | P27: x | S27: x | T27: x | V27: x | X27: x | AC27: x | AD27: x | AG27: x | AK27: x | AM27: 1 | AN27: =countif(F27:AL27,"x")+AM27 -> 18 | AO27: =AN27*E27 -> 143.82
A28: =A27+2 -> 46059 | B28: Il Lido | C28: Soft Sand | D28: 7 | E28: 7.06 | F28: x | G28: x | P28: x | AC28: x | AG28: x | AN28: =countif(F28:AL28,"x")+AM28 -> 5 | AO28: =AN28*E28 -> 35.3
A29: =A28+3 -> 46062 | B29: Drift | C29: Cruise | D29: 10 | E29: 10.02 | H29: x | I29: x | R29: x | S29: x | V29: x | X29: x | Y29: x | AB29: x | AK29: x | AN29: =countif(F29:AL29,"x")+AM29 -> 9 | AO29: =AN29*E29 -> 90.18
A30: =A29+2 -> 46064 | B30: Filament | C30: Intervals | D30: 8 | E30: 8.26 | F30: x | G30: x | H30: x | K30: x | M30: x | N30: x | P30: x | S30: x | T30: x | V30: x | Y30: x | AB30: x | AG30: x | AH30: x | AI30: x | AK30: x | AM30: 1 | AN30: =countif(F30:AL30,"x")+AM30 -> 17 | AO30: =AN30*E30 -> 140.42
A31: =A30+2 -> 46066 | B31: MSBB | C31: River Loop | D31: 12.5 | E31: 12.47 | F31: x | G31: x | H31: x | I31: x | P31: x | V31: x | Y31: x | AG31: x | AH31: x | AN31: =countif(F31:AL31,"x")+AM31 -> 9 | AO31: =AN31*E31 -> 112.23
A32: =A31+3 -> 46069 | B32: Drift | C32: Intervals | D32: 10 | E32: 9 | I32: x | R32: x | V32: x | Y32: x | AB32: x | AN32: =countif(F32:AL32,"x")+AM32 -> 5 | AO32: =AN32*E32 -> 45
A33: =A32+2 -> 46071 | B33: Filament | C33: Lakes Loop | D33: 12.5 | E33: 12.34 | F33: x | G33: x | H33: x | I33: x | K33: x | P33: x | V33: x | Y33: x | AB33: x | AG33: x | AL33: x | AM33: 1 | AN33: =countif(F33:AL33,"x")+AM33 -> 12 | AO33: =AN33*E33 -> 148.08
A34: =A33+2 -> 46073 | B34: Il Lido | C34: Soft Sand | D34: 7 | E34: 7.05 | F34: x | G34: x | H34: x | AG34: x | AN34: =countif(F34:AL34,"x")+AM34 -> 4 | AO34: =AN34*E34 -> 28.2
A35: =A34+3 -> 46076 | B35: Drift | C35: Cruise | D35: 10 | E35: 10.45 | F35: x | H35: x | I35: x | R35: x | V35: x | Y35: x | AN35: =countif(F35:AL35,"x")+AM35 -> 6 | AO35: =AN35*E35 -> 62.7
A36: =A35+2 -> 46078 | B36: Filament | C36: Intervals | D36: 8 | E36: 8.03 | F36: x | G36: x | H36: x | I36: x | K36: x | L36: x | M36: x | P36: x | T36: x | V36: x | Y36: x | AD36: x | AG36: x | AK36: x | AL36: x | AM36: 1 | AN36: =countif(F36:AL36,"x")+AM36 -> 16 | AO36: =AN36*E36 -> 128.48
A37: =A36+2 -> 46080 | B37: Il Lido | C37: Soft Sand | D37: 7 | E37: 7.08 | G37: x | L37: x | AC37: x | AG37: x | AN37: =countif(F37:AL37,"x")+AM37 -> 4 | AO37: =AN37*E37 -> 28.32
A38: =A37+3 -> 46083 | B38: Drift | C38: Intervals | D38: 10 | E38: 10 | G38: x | H38: x | I38: x | R38: x | V38: x | X38: x | Y38: x | AG38: x | AK38: x | AN38: =countif(F38:AL38,"x")+AM38 -> 9 | AO38: =AN38*E38 -> 90
A39: =A38+2 -> 46085 | B39: Filament | C39: Social | D39: 8 | E39: 8 | F39: x | G39: x | H39: x | I39: x | L39: x | M39: x | N39: x | P39: x | S39: x | T39: x | V39: x | Y39: x | AG39: x | AK39: x | AL39: x | AN39: =countif(F39:AL39,"x")+AM39 -> 15 | AO39: =AN39*E39 -> 120
A40: =A39+2 -> 46087 | B40: Il Lido | C40: Soft Sand | D40: 7 | E40: 7.07 | F40: x | L40: x | P40: x | AG40: x | AN40: =countif(F40:AL40,"x")+AM40 -> 4 | AO40: =AN40*E40 -> 28.28
A41: =A40+3 -> 46090 | B41: Drift | C41: Cruise | D41: 10 | E41: 10.5 | I41: x | R41: x | S41: x | V41: x | Y41: x | AB41: x | AN41: =countif(F41:AL41,"x")+AM41 -> 6 | AO41: =AN41*E41 -> 63
A42: =A41+2 -> 46092 | B42: Filament | C42: Intervals | D42: 8 | E42: 8.67 | F42: x | G42: x | H42: x | L42: x | P42: x | S42: x | V42: x | Y42: x | AG42: x | AI42: x | AK42: x | AL42: x | AN42: =countif(F42:AL42,"x")+AM42 -> 12 | AO42: =AN42*E42 -> 104.04
A43: =A42+2 -> 46094 | B43: Il Lido | C43: River Loop | D43: 12.5 | E43: 12.49 | F43: x | G43: x | H43: x | I43: x | L43: x | P43: x | Y43: x | AG43: x | AK43: x | AN43: =countif(F43:AL43,"x")+AM43 -> 9 | AO43: =AN43*E43 -> 112.41
A44: =A43+3 -> 46097 | B44: Drift | C44: Intervals | D44: 10 | E44: 10 | H44: x | I44: x | R44: x | S44: x | V44: x | Y44: x | AN44: =countif(F44:AL44,"x")+AM44 -> 6 | AO44: =AN44*E44 -> 60
A45: =A44+2 -> 46099 | B45: Filament | C45: Lakes Loop | D45: 12.5 | E45: 12.35 | F45: x | G45: x | H45: x | L45: x | P45: x | Q45: x | S45: x | V45: x | Y45: x | AG45: x | AK45: x | AM45: 1 | AN45: =countif(F45:AL45,"x")+AM45 -> 12 | AO45: =AN45*E45 -> 148.2
A46: =A45+2 -> 46101 | B46: MSBB | C46: Soft Sand | D46: 7 | E46: 7.04 | F46: x | G46: x | L46: x | P46: x | AG46: x | AN46: =countif(F46:AL46,"x")+AM46 -> 5 | AO46: =AN46*E46 -> 35.2
A47: =A46+3 -> 46104 | B47: Drift | C47: Cruise | D47: 10 | E47: 10 | H47: x | I47: x | R47: x | V47: x | Y47: x | AN47: =countif(F47:AL47,"x")+AM47 -> 5 | AO47: =AN47*E47 -> 50
A48: =A47+2 -> 46106 | B48: Filament | C48: Intervals | D48: 8 | E48: 9.01 | F48: x | G48: x | K48: x | L48: x | M48: x | N48: x | P48: x | Q48: x | T48: x | V48: x | AG48: x | AK48: x | AL48: x | AN48: =countif(F48:AL48,"x")+AM48 -> 13 | AO48: =AN48*E48 -> 117.13
A49: =A48+2 -> 46108 | B49: Il Lido | C49: Soft Sand | D49: 7 | E49: 7.03 | F49: x | L49: x | P49: x | AG49: x | AN49: =countif(F49:AL49,"x")+AM49 -> 4 | AO49: =AN49*E49 -> 28.12
A50: =A49+3 -> 46111 | B50: Drift | C50: Intervals | D50: 10 | E50: 10 | I50: x | R50: x | S50: x | V50: x | AN50: =countif(F50:AL50,"x")+AM50 -> 4 | AO50: =AN50*E50 -> 40
A51: =A50+2 -> 46113 | B51: Filament | C51: Social | D51: 8 | E51: 8.01 | F51: x | G51: x | H51: x | I51: x | K51: x | L51: x | M51: x | N51: x | O51: x | P51: x | Q51: x | S51: x | V51: x | AG51: x | AK51: x | AL51: x | AM51: 1 | AN51: =countif(F51:AL51,"x")+AM51 -> 17 | AO51: =AN51*E51 -> 136.17
A52: =A51+2 -> 46115 | B52: C-Breeze | C52: Good Fri Pancake | D52: 13 | E52: 12.93 | F52: x | H52: x | L52: x | P52: x | R52: x | S52: x | V52: x | AG52: x | AH52: x | AK52: x | AN52: =countif(F52:AL52,"x")+AM52 -> 10 | AO52: =AN52*E52 -> 129.3
A53: =A52+3 -> 46118 | B53: Drift | C53: Cruise | D53: 10 | E53: 10.45 | I53: x | P53: x | V53: x | Y53: x | AG53: x | AM53: 1 | AN53: =countif(F53:AL53,"x")+AM53 -> 6 | AO53: =AN53*E53 -> 62.7
A54: =A53+2 -> 46120 | B54: Filament | C54: Intervals | D54: 8 | E54: 8.89 | F54: x | G54: x | H54: x | K54: x | L54: x | M54: x | N54: x | P54: x | Q54: x | S54: x | V54: x | Y54: x | AG54: x | AK54: x | AL54: x | AN54: =countif(F54:AL54,"x")+AM54 -> 15 | AO54: =AN54*E54 -> 133.35
A55: =A54+2 -> 46122 | B55: MSBB | C55: River Loop | D55: 12.5 | E55: 12.49 | F55: x | H55: x | L55: x | AG55: x | AK55: x | AN55: =countif(F55:AL55,"x")+AM55 -> 5 | AO55: =AN55*E55 -> 62.45
A56: =A55+3 -> 46125 | B56: Drift | C56: Intervals | D56: 10 | E56: 10.48 | F56: x | H56: x | R56: x | S56: x | AC56: x | AN56: =countif(F56:AL56,"x")+AM56 -> 5 | AO56: =AN56*E56 -> 52.4
A57: =A56+2 -> 46127 | B57: Filament | C57: Lakes Loop | D57: 12.5 | E57: 12.33 | F57: x | G57: x | H57: x | K57: x | L57: x | M57: x | P57: x | Q57: x | S57: x | T57: x | AC57: x | AG57: x | AK57: x | AL57: x | AN57: =countif(F57:AL57,"x")+AM57 -> 14 | AO57: =AN57*E57 -> 172.62
A58: =A57+2 -> 46129 | B58: Il Lido | C58: Soft Sand | D58: 7 | E58: 7.01 | F58: x | G58: x | H58: x | L58: x | P58: x | AC58: x | AG58: x | AN58: =countif(F58:AL58,"x")+AM58 -> 7 | AO58: =AN58*E58 -> 49.07
A59: =A58+3 -> 46132 | B59: Drift | C59: Cruise | D59: 10 | E59: 10.09 | H59: x | R59: x | S59: x | V59: x | AC59: x | AH59: x | AN59: =countif(F59:AL59,"x")+AM59 -> 6 | AO59: =AN59*E59 -> 60.54
A60: =A59+2 -> 46134 | B60: Filament | C60: Intervals | D60: 8 | E60: 8.64 | F60: x | G60: x | H60: x | K60: x | M60: x | P60: x | S60: x | V60: x | W60: x | Y60: x | AC60: x | AD60: x | AG60: x | AK60: x | AL60: x | AN60: =countif(F60:AL60,"x")+AM60 -> 15 | AO60: =AN60*E60 -> 129.6
A61: =A60+2 -> 46136 | B61: Il Lido | C61: Soft Sand | D61: 7 | E61: 4 | F61: x | G61: x | L61: x | P61: x | AG61: x | AN61: =countif(F61:AL61,"x")+AM61 -> 5 | AO61: =AN61*E61 -> 20
A62: 46137 | B62: Filament | C62: Mara - Anzac Day | D62: 42.2 | E62: 42.22 | F62: x | H62: x | L62: x | P62: x | V62: x | AG62: x | AN62: =countif(F62:AL62,"x")+AM62 -> 6 | AO62: =AN62*E62 -> 253.32
A63: 46137 | B63: Filament | C63: Half - Anzac Day | D63: 21.1 | E63: 21.1 | G63: x | AN63: =countif(F63:AL63,"x")+AM63 -> 1 | AO63: =AN63*E63 -> 21.1
A64: 46139 | B64: Drift | C64: Intervals | D64: 10 | E64: 10.42 | H64: x | L64: x | P64: x | R64: x | S64: x | V64: x | AG64: x | AH64: x | AN64: =countif(F64:AL64,"x")+AM64 -> 8 | AO64: =AN64*E64 -> 83.36
A65: =A64+2 -> 46141 | B65: Filament | C65: Social | D65: 8 | E65: 7.99 | F65: x | G65: x | H65: x | I65: x | K65: x | L65: x | M65: x | P65: x | S65: x | T65: x | V65: x | Y65: x | AC65: x | AG65: x | AH65: x | AK65: x | AL65: x | AN65: =countif(F65:AL65,"x")+AM65 -> 17 | AO65: =AN65*E65 -> 135.83
A66: =A65+2 -> 46143 | B66: Il Lido | C66: Soft Sand | D66: 7 | E66: 7.02 | F66: x | G66: x | L66: x | P66: x | AG66: x | AN66: =countif(F66:AL66,"x")+AM66 -> 5 | AO66: =AN66*E66 -> 35.1
A67: =A66+3 -> 46146 | B67: Drift | C67: Cruise | D67: 10 | E67: 10.78 | F67: x | R67: x | S67: x | V67: x | AB67: x | AC67: x | AH67: x | AN67: =countif(F67:AL67,"x")+AM67 -> 7 | AO67: =AN67*E67 -> 75.46
A68: =A67+2 -> 46148 | B68: Filament | C68: Intervals | D68: 8 | E68: 8.44 | F68: x | L68: x | N68: x | S68: x | V68: x | AB68: x | AC68: x | AG68: x | AH68: x | AK68: x | AL68: x | AM68: 1 | AN68: =countif(F68:AL68,"x")+AM68 -> 12 | AO68: =AN68*E68 -> 101.28
A69: =A68+2 -> 46150 | B69: MSBB | C69: River Loop | D69: 12.5 | E69: no run | AN69: =countif(F69:AL69,"x")+AM69 -> 0 | AO69: =0 -> 0
A70: =A69+3 -> 46153 | B70: Drift | C70: Intervals | D70: 10 | E70: 10.42 | F70: x | S70: x | Y70: x | AM70: 1 | AN70: =countif(F70:AL70,"x")+AM70 -> 4 | AO70: =AN70*E70 -> 41.68
A71: =A70+2 -> 46155 | B71: Filament | C71: Lakes Loop | D71: 12.5 | E71: 12.33 | F71: x | I71: x | K71: x | P71: x | S71: x | V71: x | Y71: x | AD71: x | AG71: x | AL71: x | AM71: 1 | AN71: =countif(F71:AL71,"x")+AM71 -> 11 | AO71: =AN71*E71 -> 135.63
A72: =A71+2 -> 46157 | B72: Il Lido | C72: N/hood Loop | D72: 10 | E72: 10.19 | F72: x | P72: x | AG72: x | AN72: =countif(F72:AL72,"x")+AM72 -> 3 | AO72: =AN72*E72 -> 30.57
A73: =A72+3 -> 46160 | B73: Drift | C73: Cruise | D73: 10 | E73: 10.42 | F73: x | H73: x | R73: x | S73: x | V73: x | AB73: x | AL73: x | AN73: =countif(F73:AL73,"x")+AM73 -> 7 | AO73: =AN73*E73 -> 72.94
A74: =A73+2 -> 46162 | B74: Filament | C74: Intervals | D74: 8 | E74: 8.2 | F74: x | H74: x | I74: x | K74: x | M74: x | P74: x | V74: x | AC74: x | AG74: x | AL74: x | AM74: 1 | AN74: =countif(F74:AL74,"x")+AM74 -> 11 | AO74: =AN74*E74 -> 90.2
A75: =A74+2 -> 46164 | B75: MSBB | C75: River Loop | D75: 12.5 | E75: 12.49 | F75: x | P75: x | Y75: x | AC75: x | AG75: x | AM75: 1 | AN75: =countif(F75:AL75,"x")+AM75 -> 6 | AO75: =AN75*E75 -> 74.94
A76: =A75+3 -> 46167 | B76: Drift | C76: Intervals | D76: 10 | E76: 9.77 | F76: x | H76: x | R76: x | V76: x | Y76: x | AH76: x | AM76: 1 | AN76: =countif(F76:AL76,"x")+AM76 -> 7 | AO76: =AN76*E76 -> 68.39
A77: =A76+2 -> 46169 | B77: Filament | C77: Social | D77: 8 | AN77: =countif(F77:AL77,"x")+AM77 -> 0 | AO77: =AN77*E77 -> 0
A78: =A77+2 -> 46171 | B78: Il Lido | C78: N/hood Loop | D78: 10 | AN78: =countif(F78:AL78,"x")+AM78 -> 0 | AO78: =AN78*E78 -> 0
A79: =A78+3 -> 46174 | B79: Drift | C79: Cruise | D79: 10 | AN79: =countif(F79:AL79,"x")+AM79 -> 0 | AO79: =AN79*E79 -> 0
A80: =A79+2 -> 46176 | B80: Filament | C80: Intervals | D80: 8 | AN80: =countif(F80:AL80,"x")+AM80 -> 0 | AO80: =AN80*E80 -> 0
A81: =A80+2 -> 46178 | B81: MSBB | C81: River Loop | D81: 12.5 | AN81: =countif(F81:AL81,"x")+AM81 -> 0 | AO81: =AN81*E81 -> 0
A82: =A81+3 -> 46181 | B82: Drift | C82: Intervals | D82: 10 | AN82: =countif(F82:AL82,"x")+AM82 -> 0 | AO82: =AN82*E82 -> 0
A83: =A82+2 -> 46183 | B83: Filament | C83: Lakes Loop | D83: 12.5 | AN83: =countif(F83:AL83,"x")+AM83 -> 0 | AO83: =AN83*E83 -> 0
A84: =A83+2 -> 46185 | B84: Il Lido | C84: N/hood Loop | D84: 10 | AN84: =countif(F84:AL84,"x")+AM84 -> 0 | AO84: =AN84*E84 -> 0
A85: =A84+3 -> 46188 | B85: Drift | C85: Cruise | D85: 10 | AN85: =countif(F85:AL85,"x")+AM85 -> 0 | AO85: =AN85*E85 -> 0
A86: =A85+2 -> 46190 | B86: Filament | C86: Intervals | D86: 8 | AN86: =countif(F86:AL86,"x")+AM86 -> 0 | AO86: =AN86*E86 -> 0
A87: =A86+2 -> 46192 | B87: MSBB | C87: River Loop | D87: 12.5 | AN87: =countif(F87:AL87,"x")+AM87 -> 0 | AO87: =AN87*E87 -> 0
A88: =A87+3 -> 46195 | B88: Drift | C88: Intervals | D88: 10 | AN88: =countif(F88:AL88,"x")+AM88 -> 0 | AO88: =AN88*E88 -> 0
A89: =A88+2 -> 46197 | B89: Filament | C89: FILAMENT CUP 🏆 | D89: 8 | AN89: =countif(F89:AL89,"x")+AM89 -> 0 | AO89: =AN89*E89 -> 0
A90: =A89+2 -> 46199 | B90: Il Lido | C90: N/hood Loop | D90: 10 | AN90: =countif(F90:AL90,"x")+AM90 -> 0 | AO90: =AN90*E90 -> 0
A91: =A90+3 -> 46202 | B91: Drift | C91: Cruise | D91: 10 | AN91: =countif(F91:AL91,"x")+AM91 -> 0 | AO91: =AN91*E91 -> 0
A92: =A91+2 -> 46204 | B92: Filament | C92: Intervals | D92: 8 | AN92: =countif(F92:AL92,"x")+AM92 -> 0 | AO92: =AN92*E92 -> 0
A93: =A92+2 -> 46206 | B93: MSBB | C93: River Loop | D93: 12.5 | AN93: =countif(F93:AL93,"x")+AM93 -> 0 | AO93: =AN93*E93 -> 0
A94: =A93+3 -> 46209 | B94: Drift | C94: Intervals | D94: 10 | AN94: =countif(F94:AL94,"x")+AM94 -> 0 | AO94: =AN94*E94 -> 0
A95: =A94+2 -> 46211 | B95: Filament | C95: Lakes Loop | D95: 12.5 | AN95: =countif(F95:AL95,"x")+AM95 -> 0 | AO95: =AN95*E95 -> 0
A96: =A95+2 -> 46213 | B96: Il Lido | C96: N/hood Loop | D96: 10 | AN96: =countif(F96:AL96,"x")+AM96 -> 0 | AO96: =AN96*E96 -> 0
A97: =A96+3 -> 46216 | B97: Drift | C97: Cruise | D97: 10 | AN97: =countif(F97:AL97,"x")+AM97 -> 0 | AO97: =AN97*E97 -> 0
A98: =A97+2 -> 46218 | B98: Reverie | C98: Intervals | D98: 8 | AN98: =countif(F98:AL98,"x")+AM98 -> 0 | AO98: =AN98*E98 -> 0
A99: =A98+2 -> 46220 | B99: MSBB | C99: River Loop | D99: 12.5 | AN99: =countif(F99:AL99,"x")+AM99 -> 0 | AO99: =AN99*E99 -> 0
A100: =A99+3 -> 46223 | B100: Drift | C100: Intervals | D100: 10 | AN100: =countif(F100:AL100,"x")+AM100 -> 0 | AO100: =AN100*E100 -> 0
A101: =A100+2 -> 46225 | B101: Reverie | C101: Social | D101: 8 | AN101: =countif(F101:AL101,"x")+AM101 -> 0 | AO101: =AN101*E101 -> 0
A102: =A101+2 -> 46227 | B102: Il Lido | C102: N/hood Loop | D102: 10 | AN102: =countif(F102:AL102,"x")+AM102 -> 0 | AO102: =AN102*E102 -> 0
...

Sheet 2025
A1: Notes: | H1: THINGS TO ADD: | AK1: Top 5
A2: - MSBB run is 4-weekly from Oct to May (during beach season) | H2: FCTC Cup | AK2: =large($F$9:$AJ$9,1) -> 106 | AL2: =index($F$8:$AJ$10,3,match(AK2,$F$9:$AJ$9,0)) -> Scott
A3: - MSBB run is 2-weekly from Jun to Sep (while beach is eroded) | H3: Unofficial events: eg. Rohan 28th bday | AK3: =large($F$9:$AJ$9,2) -> 99 | AL3: =index($F$8:$AJ$10,3,match(AK3,$F$9:$AJ$9,0)) -> Cam
A4: - Neighbourhood Loop (fortnightly) runs from Jun to Sep (while beach is eroded) | H4: NAMES TO ADD???? | O4: Jack Crago, Kate, Carson? | AK4: =large($F$9:$AJ$9,3) -> 88 | AL4: =index($F$8:$AJ$10,3,match(AK4,$F$9:$AJ$9,0)) -> Aaron
H5: REPRINT SHEET NEXT QUARTERLY SHEET ASAP | AK5: =large($F$9:$AJ$9,4) -> 82 | AL5: =index($F$8:$AJ$10,3,match(AK5,$F$9:$AJ$9,0)) -> Alex 👑
A6: COUNTUNIQUE | AK6: =large($F$9:$AJ$9,5) -> 80 | AL6: =index($F$8:$AJ$10,3,match(AK6,$F$9:$AJ$9,0)) -> Adam
A8: Pub hol | B8: Special event | C8: Attendance not recorded | E8: =sum(E11:E121)-E19-E46-E115-E116 -> 1097.41 | F8: =sumif(F11:F121,"=x",$E$11:$E$121) -> 915.32 | G8: =sumif(G11:G121,"=x",$E$11:$E$121) -> 808.67 | H8: =sumif(H11:H121,"=x",$E$11:$E$121) -> 836.79 | I8: =sumif(I11:I121,"=x",$E$11:$E$121) -> 48.11 | J8: =sumif(J11:J121,"=x",$E$11:$E$121) -> 107.57 | K8: =sumif(K11:K121,"=x",$E$11:$E$121) -> 301.85 | L8: =sumif(L11:L121,"=x",$E$11:$E$121) -> 995.2 | M8: =sumif(M11:M121,"=x",$E$11:$E$121) -> 253.79 | ... AJ8: =sumif(AJ11:AJ121,"=x",$E$11:$E$121) -> 255.35
F9: =countif(F11:F1016,"x") -> 88 | G9: =countif(G11:G1016,"x") -> 80 | H9: =countif(H11:H1016,"x") -> 82 | I9: =countif(I11:I1016,"x") -> 5 | J9: =countif(J11:J1016,"x") -> 12 | K9: =countif(K11:K1016,"x") -> 29 | L9: =countif(L11:L1016,"x") -> 99 | M9: =countif(M11:M1016,"x") -> 25 | ... AJ9: =countif(AJ11:AJ1016,"x") -> 26 | AK9: =sum(AK11:AK1016) -> 26 | AL9: =sum(F9:AK9) -> 1133 | AM9: =sum(AM11:AM121) -> 11403.1
A10: Date | B10: Meet | C10: Run | D10: Approx kms | E10: Actual kms | F10: Aaron | G10: Adam | H10: Alex 👑 | I10: Alex B | J10: Alex Kr | K10: Anna | L10: Cam | M10: Celeste | N10: Chartt | O10: Claire | P10: Col | Q10: Dan | R10: Darren | S10: Fraser | T10: Grant | U10: Jack | V10: Joe | W10: Kate B | X10: Laura E | Y10: Laura K | Z10: Liam | AA10: Ming | AB10: Rhys | AC10: Rohan | AD10: Sam | AE10: Scott | AF10: Shane | AG10: Tarquin | AH10: Tim | AI10: Toby | AJ10: Wes | AK10: +1's
A11: 45660 | B11: Il Lido | C11: Soft Sand | D11: 7 | E11: 7.07 | F11: x | L11: x | O11: x | AA11: x | AC11: x | AE11: x | AK11: 2 | AL11: =countif(F11:AJ11,"x")+AK11 -> 8 | AM11: =AL11*E11 -> 56.56
A12: =A11+5 -> 45665 | B12: Filament | C12: Social | D12: 8 | E12: 7.95 | F12: x | G12: x | H12: x | L12: x | O12: x | Q12: x | V12: x | X12: x | AA12: x | AE12: x | AF12: x | AG12: x | AI12: x | AK12: 1 | AL12: =countif(F12:AJ12,"x")+AK12 -> 14 | AM12: =AL12*E12 -> 111.3
A13: =A12+2 -> 45667 | B13: Il Lido | C13: Soft Sand | D13: 7 | E13: 7.1 | G13: x | H13: x | L13: x | AE13: x | AL13: =countif(F13:AJ13,"x")+AK13 -> 4 | AM13: =AL13*E13 -> 28.4
A14: =A13+5 -> 45672 | B14: Filament | C14: Intervals | D14: 8 | E14: 8.44 | F14: x | G14: x | H14: x | L14: x | O14: - | Q14: x | S14: x | V14: x | AC14: - | AE14: x | AF14: x | AI14: x | AL14: =countif(F14:AJ14,"x")+AK14 -> 10 | AM14: =AL14*E14 -> 84.4
A15: =A14+2 -> 45674 | B15: MSBB | C15: River Loop | D15: 12.5 | E15: 12.3 | F15: x | G15: x | H15: x | L15: x | AE15: x | AF15: x | AL15: =countif(F15:AJ15,"x")+AK15 -> 6 | AM15: =AL15*E15 -> 73.8
A16: =A15+5 -> 45679 | B16: Filament | C16: Lakes Loop | D16: 12.5 | E16: 12.33 | F16: x | G16: x | H16: x | L16: x | T16: x | V16: x | X16: x | AA16: x | AB16: x | AC16: x | AE16: x | AF16: x | AI16: x | AK16: 1 | AL16: =countif(F16:AJ16,"x")+AK16 -> 14 | AM16: =AL16*E16 -> 172.62
A17: =A16+2 -> 45681 | B17: Il Lido | C17: Soft Sand | D17: 7 | E17: 7.09 | F17: x | G17: x | H17: x | L17: x | AC17: x | AE17: x | AK17: 1 | AL17: =countif(F17:AJ17,"x")+AK17 -> 7 | AM17: =AL17*E17 -> 49.63
A18: 45684 | B18: Filament | C18: Half- Invasion Day | D18: 21.1 | E18: 21.11 | F18: x | G18: x | H18: x | L18: x | P18: x | T18: x | AC18: x | AE18: x | AF18: x | AL18: =countif(F18:AJ18,"x")+AK18 -> 9 | AM18: =AL18*E18 -> 189.99
A19: 45684 | B19: Filament | C19: 10k- Invasion Day | D19: 10 | E19: 10.32 | Q19: x | X19: x | AB19: x | AG19: x | AL19: =countif(F19:AJ19,"x")+AK19 -> 4 | AM19: =AL19*E19 -> 41.28
A20: =A17+5 -> 45686 | B20: Filament | C20: Intervals | D20: 8 | E20: 8.97 | F20: x | G20: x | H20: x | L20: x | O20: x | P20: x | T20: x | V20: x | X20: x | AB20: x | AC20: x | AE20: x | AF20: - | AG20: x | AI20: x | AL20: =countif(F20:AJ20,"x")+AK20 -> 14 | AM20: =AL20*E20 -> 125.58
A21: =A20+2 -> 45688 | B21: Il Lido | C21: Soft Sand | D21: 7 | E21: 7.08 | F21: x | G21: x | H21: x | L21: x | O21: x | P21: - | AC21: x | AE21: x | AF21: - | AL21: =countif(F21:AJ21,"x")+AK21 -> 7 | AM21: =AL21*E21 -> 49.56
A22: =A21+5 -> 45693 | B22: Filament | C22: Social | D22: 8 | E22: 8.01 | F22: x | G22: x | H22: x | L22: x | O22: - | P22: x | Q22: x | S22: x | T22: x | V22: x | X22: x | AB22: x | AC22: x | AE22: x | AF22: x | AI22: x | AL22: =countif(F22:AJ22,"x")+AK22 -> 15 | AM22: =AL22*E22 -> 120.15
A23: =A22+2 -> 45695 | B23: Il Lido | C23: Soft Sand | D23: 7 | E23: 7.14 | F23: x | G23: x | H23: x | L23: x | O23: x | AC23: x | AE23: x | AF23: x | AL23: =countif(F23:AJ23,"x")+AK23 -> 8 | AM23: =AL23*E23 -> 57.12
A24: =A23+5 -> 45700 | B24: Filament | C24: Intervals | D24: 8 | E24: 8.45 | F24: x | G24: x | H24: x | L24: x | O24: x | P24: x | Q24: x | S24: x | T24: x | V24: x | X24: x | AE24: x | AF24: x | AI24: x | AL24: =countif(F24:AJ24,"x")+AK24 -> 14 | AM24: =AL24*E24 -> 118.3
A25: =A24+2 -> 45702 | B25: MSBB | C25: River Loop | D25: 12.5 | E25: 12.37 | F25: x | G25: x | H25: - | L25: x | O25: - | P25: x | T25: x | AB25: - | AE25: x | AF25: x | AI25: x | AL25: =countif(F25:AJ25,"x")+AK25 -> 8 | AM25: =AL25*E25 -> 98.96
A26: =A25+5 -> 45707 | B26: Filament | C26: Lakes Loop | D26: 12.5 | E26: 12.3 | F26: x | G26: 🛕 | H26: x | L26: x | O26: x | P26: x | S26: x | T26: x | V26: x | W26: x | X26: x | Y26: x | AA26: x | AB26: x | AC26: sad face | AE26: x | AF26: x | AI26: x | AL26: =countif(F26:AJ26,"x")+AK26 -> 16 | AM26: =AL26*E26 -> 196.8
A27: =A26+2 -> 45709 | B27: Il Lido | C27: Soft Sand | D27: 7 | E27: 7.06 | F27: - | H27: x | L27: x | P27: x | AA27: x | AE27: x | AL27: =countif(F27:AJ27,"x")+AK27 -> 5 | AM27: =AL27*E27 -> 35.3
A28: =A27+5 -> 45714 | B28: Filament | C28: Intervals | D28: 8 | E28: 8.6 | F28: x | G28: 🛕 | H28: x | L28: x | O28: x | P28: x | S28: x | V28: x | Y28: x | AB28: - | AC28: 🛕 | AE28: x | AF28: x | AH28: x | AI28: 🛕 | AL28: =countif(F28:AJ28,"x")+AK28 -> 11 | AM28: =AL28*E28 -> 94.6
A29: =A28+2 -> 45716 | B29: Il Lido | C29: Soft Sand | D29: 7 | E29: 7.07 | F29: x | L29: x | P29: x | AE29: x | AF29: x | AI29: x | AL29: =countif(F29:AJ29,"x")+AK29 -> 6 | AM29: =AL29*E29 -> 42.42
A30: =A29+5 -> 45721 | B30: Filament | C30: Social | D30: 8 | E30: 8.06 | F30: x | G30: x | H30: x | J30: x | L30: x | O30: x | P30: x | S30: x | T30: x | V30: x | W30: x | X30: x | AA30: x | AB30: x | AD30: x | AE30: x | AF30: x | AI30: x | AK30: 2 | AL30: =countif(F30:AJ30,"x")+AK30 -> 20 | AM30: =AL30*E30 -> 161.2
A31: =A30+2 -> 45723 | B31: Il Lido | C31: Soft Sand | D31: 7 | E31: 7.08 | F31: x | G31: x | H31: x | L31: x | O31: x | P31: x | T31: x | AA31: x | AE31: x | AF31: x | AL31: =countif(F31:AJ31,"x")+AK31 -> 10 | AM31: =AL31*E31 -> 70.8
A32: =A31+5 -> 45728 | B32: Filament | C32: Intervals | D32: 8 | E32: 8.59 | F32: x | G32: x | H32: x | J32: x | L32: x | O32: - | P32: x | Q32: x | S32: x | T32: x | U32: x | V32: x | X32: x | Y32: x | AA32: x | AB32: x | AD32: x | AE32: x | AF32: x | AH32: x | AI32: x | AL32: =countif(F32:AJ32,"x")+AK32 -> 20 | AM32: =AL32*E32 -> 171.8
A33: =A32+2 -> 45730 | B33: Il Lido | C33: Soft Sand | D33: 7 | E33: 9.26 | F33: x | G33: x | H33: x | L33: x | O33: x | P33: x | T33: x | AA33: x | AE33: x | AF33: x | AI33: x | AL33: =countif(F33:AJ33,"x")+AK33 -> 11 | AM33: =AL33*E33 -> 101.86
A34: =A33+5 -> 45735 | B34: Filament | C34: Lakes Loop | D34: 12.5 | E34: 12.37 | F34: x | G34: x | H34: 🛕 | L34: x | O34: x | P34: x | S34: x | T34: x | U34: x | V34: x | X34: x | Y34: x | AA34: x | AB34: 🛕 | AE34: x | AF34: x | AH34: x | AI34: 🛕 | AL34: =countif(F34:AJ34,"x")+AK34 -> 15 | AM34: =AL34*E34 -> 185.55
A35: =A34+2 -> 45737 | B35: MSBB | C35: River Loop | D35: 12.5 | E35: 12.38 | F35: x | G35: x | J35: x | L35: x | O35: - | P35: x | AE35: x | AI35: - | AL35: =countif(F35:AJ35,"x")+AK35 -> 6 | AM35: =AL35*E35 -> 74.28
A36: =A35+5 -> 45742 | B36: Filament | C36: Intervals | D36: 8 | E36: 8.26 | F36: - | G36: x | H36: x | J36: x | L36: x | O36: x | P36: x | S36: x | T36: x | V36: x | X36: - | AB36: x | AD36: x | AE36: x | AF36: - | AI36: x | AL36: =countif(F36:AJ36,"x")+AK36 -> 13 | AM36: =AL36*E36 -> 107.38
A37: =A36+2 -> 45744 | B37: Il Lido | C37: Soft Sand | D37: 7 | E37: 7 | G37: x | H37: x | L37: x | P37: x | AE37: x | AL37: =countif(F37:AJ37,"x")+AK37 -> 5 | AM37: =AL37*E37 -> 35
A38: =A37+5 -> 45749 | B38: Filament | C38: Social | D38: 8 | E38: 7.96 | F38: x | G38: x | H38: x | J38: x | L38: x | P38: x | Q38: x | S38: x | T38: x | U38: x | W38: x | X38: x | Z38: x | AB38: x | AE38: x | AF38: x | AI38: x | AK38: 2 | AL38: =countif(F38:AJ38,"x")+AK38 -> 19 | AM38: =AL38*E38 -> 151.24
A39: =A38+2 -> 45751 | B39: Il Lido | C39: Soft Sand | D39: 7 | E39: 7.07 | F39: x | G39: x | H39: x | L39: x | AE39: x | AL39: =countif(F39:AJ39,"x")+AK39 -> 5 | AM39: =AL39*E39 -> 35.35
A40: =A39+5 -> 45756 | B40: Filament | C40: Intervals | D40: 8 | E40: 8.95 | F40: x | G40: x | H40: x | J40: x | L40: x | P40: x | R40: x | S40: x | T40: x | U40: x | V40: x | X40: x | AA40: x | AB40: x | AD40: - | AE40: x | AI40: x | AJ40: x | AK40: 1 | AL40: =countif(F40:AJ40,"x")+AK40 -> 18 | AM40: =AL40*E40 -> 161.1
A41: =A40+2 -> 45758 | B41: MSBB | C41: River Loop | D41: 12.5 | E41: 12.32 | F41: x | G41: x | H41: x | L41: x | O41: x | P41: x | V41: x | Z41: x | AB41: x | AE41: x | AI41: - | AL41: =countif(F41:AJ41,"x")+AK41 -> 10 | AM41: =AL41*E41 -> 123.2
A42: =A41+5 -> 45763 | B42: Filament | C42: Lakes Loop | D42: 12.5 | E42: 12.35 | F42: x | G42: x | H42: x | K42: x | L42: x | O42: x | P42: x | R42: x | T42: x | W42: x | AA42: x | AB42: - | AE42: x | AF42: x | AG42: x | AI42: x | AJ42: x | AL42: =countif(F42:AJ42,"x")+AK42 -> 16 | AM42: =AL42*E42 -> 197.6
A43: =A42+2 -> 45765 | B43: C-Breeze | C43: Good Fri Pancake | D43: 15 | E43: 14.5 | F43: x | G43: x | H43: x | K43: x | L43: x | P43: x | T43: x | X43: x | AA43: x | AE43: x | AF43: x | AL43: =countif(F43:AJ43,"x")+AK43 -> 11 | AM43: =AL43*E43 -> 159.5
A44: =A43+5 -> 45770 | B44: Filament | C44: Intervals | D44: 8 | E44: 8.98 | F44: x | H44: x | L44: x | O44: x | P44: x | Q44: x | R44: x | S44: x | T44: x | U44: x | V44: x | W44: x | X44: x | AB44: x | AE44: x | AF44: x | AI44: x | AJ44: x | AK44: 1 | AL44: =countif(F44:AJ44,"x")+AK44 -> 19 | AM44: =AL44*E44 -> 170.62
A45: =A44+2 -> 45772 | B45: Filament | C45: Mara- Anzac Day | D45: 42.2 | E45: 42.33 | F45: x | L45: x | P45: x | AE45: x | AL45: =countif(F45:AJ45,"x")+AK45 -> 4 | AM45: =AL45*E45 -> 169.32
A46: =A44+2 -> 45772 | B46: Filament | C46: Half- Anzac Day | D46: 21.1 | E46: 21.1 | O46: x | X46: x | AF46: x | AL46: =countif(F46:AJ46,"x")+AK46 -> 3 | AM46: =AL46*E46 -> 63.3
A47: =A45+5 -> 45777 | B47: Filament | C47: Social | D47: 8 | E47: 8.02 | F47: x | G47: x | K47: x | M47: x | O47: x | R47: x | S47: x | T47: x | U47: x | V47: x | W47: x | X47: x | AB47: x | AE47: x | AF47: x | AI47: x | AK47: 1 | AL47: =countif(F47:AJ47,"x")+AK47 -> 17 | AM47: =AL47*E47 -> 136.34
A48: =A47+2 -> 45779 | B48: Il Lido | C48: Soft Sand | D48: 7 | E48: 7.03 | F48: x | P48: x | AE48: x | AL48: =countif(F48:AJ48,"x")+AK48 -> 3 | AM48: =AL48*E48 -> 21.09
A49: =A48+5 -> 45784 | B49: Filament | C49: Intervals | D49: 8 | E49: 8.01 | F49: x | G49: x | O49: - | P49: x | Q49: x | S49: x | U49: - | V49: x | W49: - | Z49: x | AB49: x | AE49: x | AI49: x | AJ49: x | AK49: 1 | AL49: =countif(F49:AJ49,"x")+AK49 -> 12 | AM49: =AL49*E49 -> 96.12
A50: =A49+2 -> 45786 | B50: MSBB | C50: River Loop | D50: 12.5 | E50: 12.3 | F50: x | G50: x | L50: x | T50: x | V50: x | AB50: x | AE50: x | AF50: x | AL50: =countif(F50:AJ50,"x")+AK50 -> 8 | AM50: =AL50*E50 -> 98.4
A51: =A50+5 -> 45791 | B51: Filament | C51: Lakes Loop | D51: 12.5 | E51: 12.36 | F51: x | G51: x | H51: x | J51: x | K51: x | L51: x | O51: x | P51: x | T51: x | U51: - | V51: - | W51: x | AB51: - | AE51: x | AF51: x | AI51: x | AJ51: x | AL51: =countif(F51:AJ51,"x")+AK51 -> 14 | AM51: =AL51*E51 -> 173.04
A52: =A51+2 -> 45793 | B52: Il Lido | C52: Soft Sand | D52: 7 | E52: 7.07 | F52: x | G52: x | H52: x | L52: x | P52: x | AE52: x | AL52: =countif(F52:AJ52,"x")+AK52 -> 6 | AM52: =AL52*E52 -> 42.42
A53: =A52+5 -> 45798 | B53: Filament | C53: Intervals | D53: 8 | E53: 8.61 | F53: x | G53: x | H53: x | K53: x | L53: x | N53: x | O53: x | P53: x | S53: x | T53: x | V53: x | W53: x | AE53: x | AF53: - | AI53: x | AK53: 1 | AL53: =countif(F53:AJ53,"x")+AK53 -> 15 | AM53: =AL53*E53 -> 129.15
A54: =A53+2 -> 45800 | B54: Il Lido | C54: Soft Sand | D54: 7 | E54: 7.13 | F54: x | H54: x | L54: x | P54: x | AE54: x | AL54: =countif(F54:AJ54,"x")+AK54 -> 5 | AM54: =AL54*E54 -> 35.65
A55: =A54+5 -> 45805 | B55: Filament | C55: Social | D55: 8 | E55: 7.94 | F55: x | G55: x | H55: x | L55: x | M55: x | P55: x | R55: x | S55: x | T55: x | V55: x | X55: x | AB55: x | AE55: x | AF55: - | AJ55: x | AK55: 2 | AL55: =countif(F55:AJ55,"x")+AK55 -> 16 | AM55: =AL55*E55 -> 127.04
A56: =A55+2 -> 45807 | B56: Il Lido | C56: N/hood Loop | D56: 10 | E56: 10.28 | F56: x | G56: x | H56: x | L56: x | P56: x | AE56: x | AF56: x | AL56: =countif(F56:AJ56,"x")+AK56 -> 7 | AM56: =AL56*E56 -> 71.96
A57: =A56+5 -> 45812 | B57: Filament | C57: Intervals | D57: 8 | E57: 8.6 | H57: x | K57: x | L57: x | M57: x | O57: x | P57: x | S57: - | T57: x | V57: x | Z57: x | AB57: - | AE57: x | AI57: - | AL57: =countif(F57:AJ57,"x")+AK57 -> 10 | AM57: =AL57*E57 -> 86
A58: =A57+2 -> 45814 | B58: MSBB | C58: River Loop | D58: 12.5 | E58: 12.37 | F58: x | H58: x | L58: x | P58: x | T58: - | V58: x | AE58: x | AL58: =countif(F58:AJ58,"x")+AK58 -> 6 | AM58: =AL58*E58 -> 74.22
A59: =A58+5 -> 45819 | B59: Filament | C59: Lakes Loop | D59: 12.5 | E59: 12.3 | F59: x | G59: x | H59: x | K59: x | L59: x | M59: x | O59: x | P59: x | R59: x | T59: x | W59: x | X59: x | Z59: x | AA59: x | AB59: x | AE59: x | AI59: x | AJ59: x | AL59: =countif(F59:AJ59,"x")+AK59 -> 18 | AM59: =AL59*E59 -> 221.4
A60: =A59+2 -> 45821 | B60: Il Lido | C60: N/hood Loop | D60: 10 | E60: 10.35 | G60: x | H60: x | L60: x | P60: x | T60: - | AA60: x | AB60: - | AE60: x | AF60: x | AL60: =countif(F60:AJ60,"x")+AK60 -> 7 | AM60: =AL60*E60 -> 72.45
A61: =A60+5 -> 45826 | B61: Filament | C61: Intervals | D61: 8 | E61: 8.35 | F61: x | H61: x | L61: x | T61: x | V61: x | AA61: x | AB61: x | AE61: x | AF61: x | AI61: x | AL61: =countif(F61:AJ61,"x")+AK61 -> 10 | AM61: =AL61*E61 -> 83.5
A62: =A61+2 -> 45828 | B62: MSBB | C62: River Loop | D62: 12.5 | E62: 12.41 | F62: x | G62: x | H62: x | L62: x | T62: x | AE62: x | AF62: x | AL62: =countif(F62:AJ62,"x")+AK62 -> 7 | AM62: =AL62*E62 -> 86.87
A63: =A62+5 -> 45833 | B63: Filament | C63: FILAMENT CUP 🏆 | D63: 8 | E63: 7.7 | F63: x | G63: x | H63: x | K63: x | L63: x | M63: x | N63: x | P63: x | Q63: x | S63: x | T63: x | U63: - | V63: x | W63: x | AB63: x | AE63: x | AF63: x | AJ63: x | AK63: 1 | AL63: =countif(F63:AJ63,"x")+AK63 -> 18 | AM63: =AL63*E63 -> 138.6
A64: =A63+2 -> 45835 | B64: Il Lido | C64: N/hood Loop | D64: 10 | E64: 10.31 | F64: x | G64: x | H64: x | L64: x | P64: x | AE64: x | AL64: =countif(F64:AJ64,"x")+AK64 -> 6 | AM64: =AL64*E64 -> 61.86
A65: =A64+5 -> 45840 | B65: Filament | C65: Intervals | D65: 8 | E65: 8.25 | F65: x | G65: x | H65: x | K65: x | L65: x | O65: x | P65: x | S65: x | T65: x | V65: x | W65: x | X65: x | Z65: x | AB65: x | AE65: x | AI65: x | AJ65: x | AL65: =countif(F65:AJ65,"x")+AK65 -> 17 | AM65: =AL65*E65 -> 140.25
A66: =A65+2 -> 45842 | B66: MSBB | C66: River Loop | D66: 12.5 | E66: 12.41 | F66: x | G66: x | H66: x | L66: x | O66: x | P66: x | T66: x | V66: x | AE66: x | AI66: x | AL66: =countif(F66:AJ66,"x")+AK66 -> 10 | AM66: =AL66*E66 -> 124.1
A67: =A66+5 -> 45847 | B67: Filament | C67: Lakes Loop | D67: 12.5 | E67: 12.29 | F67: x | L67: x | M67: x | P67: x | Q67: x | R67: x | T67: x | V67: x | X67: x | AB67: x | AE67: x | AI67: x | AJ67: x | AL67: =countif(F67:AJ67,"x")+AK67 -> 13 | AM67: =AL67*E67 -> 159.77
A68: =A67+2 -> 45849 | B68: Il Lido | C68: N/hood Loop | D68: 10 | E68: 10.25 | F68: x | G68: x | H68: x | L68: x | P68: x | AA68: x | AL68: =countif(F68:AJ68,"x")+AK68 -> 6 | AM68: =AL68*E68 -> 61.5
A69: =A68+5 -> 45854 | B69: Reverie | C69: Intervals | D69: 8 | E69: 8.97 | G69: x | H69: x | J69: x | L69: x | P69: x | T69: x | Z69: x | AA69: x | AE69: x | AF69: x | AJ69: x | AL69: =countif(F69:AJ69,"x")+AK69 -> 11 | AM69: =AL69*E69 -> 98.67
A70: =A69+2 -> 45856 | B70: MSBB | C70: River Loop | D70: 12.5 | E70: 12.32 | G70: x | H70: x | L70: x | P70: x | V70: x | AA70: x | AE70: x | AF70: x | AL70: =countif(F70:AJ70,"x")+AK70 -> 8 | AM70: =AL70*E70 -> 98.56
A71: =A70+5 -> 45861 | B71: Reverie | C71: Social | D71: 8 | E71: 8.31 | H71: x | J71: x | K71: x | M71: x | O71: x | T71: x | U71: - | V71: x | AA71: x | AB71: x | AE71: x | AF71: x | AI71: x | AJ71: x | AK71: 1 | AL71: =countif(F71:AJ71,"x")+AK71 -> 14 | AM71: =AL71*E71 -> 116.34
A72: =A71+2 -> 45863 | B72: Il Lido | C72: N/hood Loop | D72: 10 | E72: 10.37 | H72: x | L72: x | Z72: x | AE72: x | AL72: =countif(F72:AJ72,"x")+AK72 -> 4 | AM72: =AL72*E72 -> 41.48
A73: =A72+5 -> 45868 | B73: Someday | C73: Hills | D73: 8 | E73: 10.44 | G73: x | H73: x | L73: x | O73: x | P73: x | R73: x | T73: x | W73: x | AA73: x | AE73: x | AF73: x | AI73: x | AJ73: x | AL73: =countif(F73:AJ73,"x")+AK73 -> 13 | AM73: =AL73*E73 -> 135.72
A74: =A73+2 -> 45870 | B74: MSBB | C74: River Loop | D74: 12.5 | E74: 12.44 | G74: x | H74: x | L74: x | P74: x | V74: x | W74: x | AA74: x | AE74: x | AF74: x | AI74: x | AL74: =countif(F74:AJ74,"x")+AK74 -> 10 | AM74: =AL74*E74 -> 124.4
A75: =A74+5 -> 45875 | B75: Reverie | C75: Lakes Loop | D75: 12.5 | E75: 12 | G75: x | H75: x | K75: x | L75: x | N75: x | O75: x | P75: x | R75: x | AE75: x | AF75: x | AI75: x | AJ75: x | AK75: 2 | AL75: =countif(F75:AJ75,"x")+AK75 -> 14 | AM75: =AL75*E75 -> 168
A76: =A75+2 -> 45877 | B76: Il Lido | C76: N/hood Loop | D76: 10 | E76: 10.4 | H76: x | L76: x | AE76: x | AL76: =countif(F76:AJ76,"x")+AK76 -> 3 | AM76: =AL76*E76 -> 31.2
A77: =A76+5 -> 45882 | B77: Filament | C77: Intervals | D77: 8 | E77: 9.46 | F77: x | H77: x | L77: x | N77: x | O77: x | P77: x | R77: x | T77: x | U77: x | V77: x | W77: x | AE77: x | AF77: x | AI77: x | AJ77: x | AK77: 1 | AL77: =countif(F77:AJ77,"x")+AK77 -> 16 | AM77: =AL77*E77 -> 151.36
A78: =A77+2 -> 45884 | B78: MSBB | C78: River Loop | D78: 12.5 | E78: 12.4 | F78: x | H78: x | L78: x | O78: x | P78: x | V78: x | W78: x | AE78: x | AL78: =countif(F78:AJ78,"x")+AK78 -> 8 | AM78: =AL78*E78 -> 99.2
A79: =A78+5 -> 45889 | B79: Filament | C79: Social | D79: 8 | E79: 7.58 | F79: x | G79: x | J79: x | L79: x | M79: x | N79: x | O79: x | P79: - | R79: x | V79: x | AB79: x | AE79: x | AI79: x | AL79: =countif(F79:AJ79,"x")+AK79 -> 12 | AM79: =AL79*E79 -> 90.96
A80: =A79+2 -> 45891 | B80: Il Lido | C80: N/hood Loop | D80: 10 | E80: 9.13 | F80: x | G80: x | L80: x | P80: x | W80: x | AE80: x | AL80: =countif(F80:AJ80,"x")+AK80 -> 6 | AM80: =AL80*E80 -> 54.78
A81: =A80+5 -> 45896 | B81: Filament | C81: Intervals | D81: 8 | E81: 7.97 | F81: x | G81: x | K81: x | L81: x | M81: x | R81: x | T81: x | U81: x | V81: x | W81: x | AE81: x | AJ81: x | AL81: =countif(F81:AJ81,"x")+AK81 -> 12 | AM81: =AL81*E81 -> 95.64
A82: =A81+2 -> 45898 | B82: MSBB | C82: River Loop | D82: 12.5 | E82: 12.55 | F82: x | G82: x | L82: x | P82: x | W82: x | AE82: x | AK82: 1 | AL82: =countif(F82:AJ82,"x")+AK82 -> 7 | AM82: =AL82*E82 -> 87.85
A83: =A82+5 -> 45903 | B83: Filament | C83: Lakes Loop | D83: 12.5 | E83: 12.01 | F83: x | G83: x | H83: x | L83: x | M83: x | P83: x | T83: x | V83: x | W83: x | AE83: x | AI83: x | AJ83: x | AL83: =countif(F83:AJ83,"x")+AK83 -> 12 | AM83: =AL83*E83 -> 144.12
A84: =A83+2 -> 45905 | B84: Il Lido | C84: N/hood Loop | D84: 10 | E84: 10.3 | F84: x | G84: x | H84: x | L84: x | P84: x | W84: x | AA84: x | AE84: x | AL84: =countif(F84:AJ84,"x")+AK84 -> 8 | AM84: =AL84*E84 -> 82.4
A85: =A84+5 -> 45910 | B85: Filament | C85: Intervals | D85: 8 | E85: 7.95 | F85: x | G85: x | H85: x | L85: x | O85: x | P85: x | R85: x | T85: x | V85: x | W85: x | AA85: x | AE85: x | AI85: x | AJ85: x | AL85: =countif(F85:AJ85,"x")+AK85 -> 14 | AM85: =AL85*E85 -> 111.3
A86: =A85+2 -> 45912 | B86: MSBB | C86: River Loop | D86: 12.5 | E86: 12.42 | F86: x | G86: x | H86: x | L86: x | P86: x | W86: x | AA86: x | AE86: x | AI86: x | AL86: =countif(F86:AJ86,"x")+AK86 -> 9 | AM86: =AL86*E86 -> 111.78
A87: =A86+5 -> 45917 | B87: Filament | C87: Social | D87: 8 | E87: 7.35 | F87: x | G87: x | H87: x | K87: x | L87: x | M87: x | P87: x | R87: x | T87: x | V87: x | AA87: x | AB87: x | AE87: x | AL87: =countif(F87:AJ87,"x")+AK87 -> 13 | AM87: =AL87*E87 -> 95.55
A88: =A87+2 -> 45919 | B88: Il Lido | C88: N/hood Loop | D88: 10 | E88: 10.27 | F88: x | G88: x | L88: x | P88: x | W88: x | AE88: x | AL88: =countif(F88:AJ88,"x")+AK88 -> 6 | AM88: =AL88*E88 -> 61.62
A89: =A88+1 -> 45920 | B89: Filament | C89: Half- Beer Run | D89: 21.1 | E89: 21.16 | F89: x | G89: x | H89: x | K89: x | L89: x | M89: x | P89: x | R89: x | T89: x | W89: x | AE89: x | AK89: 1 | AL89: =countif(F89:AJ89,"x")+AK89 -> 12 | AM89: =AL89*E89 -> 253.92
A90: =A88+5 -> 45924 | B90: Filament | C90: Intervals | D90: 8 | E90: 7.33 | F90: x | G90: x | H90: x | K90: x | L90: x | P90: x | R90: x | T90: x | V90: x | W90: x | AB90: x | AE90: x | AI90: x | AL90: =countif(F90:AJ90,"x")+AK90 -> 13 | AM90: =AL90*E90 -> 95.29
A91: =A90+2 -> 45926 | B91: MSBB | C91: River Loop | D91: 12.5 | E91: 11.78 | F91: x | G91: x | L91: x | P91: x | W91: x | AE91: x | AL91: =countif(F91:AJ91,"x")+AK91 -> 6 | AM91: =AL91*E91 -> 70.68
A92: =A91+5 -> 45931 | B92: Filament | C92: Lakes Loop | D92: 12.5 | E92: 12.09 | F92: x | G92: x | H92: x | K92: x | L92: x | M92: x | P92: x | Q92: x | T92: x | V92: x | AB92: - | AE92: x | AI92: x | AJ92: x | AL92: =countif(F92:AJ92,"x")+AK92 -> 13 | AM92: =AL92*E92 -> 157.17
A93: =A92+2 -> 45933 | B93: Il Lido | C93: Soft Sand | D93: 7 | E93: 7.07 | F93: x | L93: x | P93: x | AE93: x | AL93: =countif(F93:AJ93,"x")+AK93 -> 4 | AM93: =AL93*E93 -> 28.28
A94: =A93+5 -> 45938 | B94: Filament | C94: Intervals | D94: 8 | E94: 8.67 | F94: x | G94: x | H94: x | K94: x | L94: x | M94: x | N94: x | O94: x | R94: x | T94: x | U94: - | V94: x | Z94: x | AE94: x | AJ94: x | AL94: =countif(F94:AJ94,"x")+AK94 -> 14 | AM94: =AL94*E94 -> 121.38
A95: =A94+2 -> 45940 | B95: Il Lido | C95: Soft Sand | D95: 7 | E95: 7.06 | F95: x | Z95: x | AE95: x | AL95: =countif(F95:AJ95,"x")+AK95 -> 3 | AM95: =AL95*E95 -> 21.18
A96: =A95+5 -> 45945 | B96: Filament | C96: Social | D96: 8 | E96: 7.82 | F96: x | G96: x | H96: x | J96: x | K96: x | L96: x | M96: x | O96: x | P96: x | Q96: x | R96: - | T96: x | V96: x | W96: x | AE96: x | AF96: x | AI96: x | AL96: =countif(F96:AJ96,"x")+AK96 -> 16 | AM96: =AL96*E96 -> 125.12
A97: =A96+2 -> 45947 | B97: Il Lido | C97: Soft Sand | D97: 7 | E97: 7.17 | F97: x | G97: - | L97: x | P97: x | Z97: x | AE97: x | AL97: =countif(F97:AJ97,"x")+AK97 -> 5 | AM97: =AL97*E97 -> 35.85
A98: =A97+5 -> 45952 | B98: Filament | C98: Intervals | D98: 8 | E98: 9.41 | F98: x | G98: x | H98: x | K98: x | L98: x | M98: x | P98: x | R98: x | S98: x | T98: x | U98: x | V98: x | W98: x | AE98: x | AF98: x | AL98: =countif(F98:AJ98,"x")+AK98 -> 15 | AM98: =AL98*E98 -> 141.15
A99: =A98+2 -> 45954 | B99: MSBB | C99: River Loop | D99: 12.5 | E99: 12.38 | F99: x | G99: x | H99: x | L99: x | P99: x | W99: x | AE99: x | AL99: =countif(F99:AJ99,"x")+AK99 -> 7 | AM99: =AL99*E99 -> 86.66
A100: =A99+5 -> 45959 | B100: Filament | C100: Lakes Loop | D100: 12.5 | E100: 12.3 | F100: - | H100: x | K100: x | L100: x | N100: x | P100: x | R100: x | T100: x | V100: x | W100: x | Z100: x | AE100: x | AF100: x | AJ100: x | AL100: =countif(F100:AJ100,"x")+AK100 -> 13 | AM100: =AL100*E100 -> 159.9
A101: =A100+2 -> 45961 | B101: Il Lido | C101: Soft Sand | D101: 7 | E101: 7.08 | F101: x | H101: x | L101: x | P101: x | AE101: x | AL101: =countif(F101:AJ101,"x")+AK101 -> 5 | AM101: =AL101*E101 -> 35.4
...

Sheet Peeps
A1: Name | B1: Been in last 2 months?
A2: Aaron | B2: x | C2: {=if(B2:B1000="x",A2:A1000,"")} -> Aaron
A3: Adam | B3: x | C3: Adam
A4: Alex | B4: x | C4: Alex
A5: Angus
A6: Caleb
A7: Cam | B7: x | C7: Cam
A8: Claire | B8: x | C8: Claire
A9: Col | B9: x | C9: Col
A10: Dan | B10: x | C10: Dan
A11: Dev
A12: Fraser | B12: x | C12: Fraser
A13: Gen
A14: Grant | B14: x | C14: Grant
A15: Harry | B15: x | C15: Harry
A16: Jack Crago
A17: Joe | B17: x | C17: Joe
A18: Laura | B18: x | C18: Laura
A19: Ming | B19: x | C19: Ming
A20: Ming | B20: x | C20: Ming
A21: Rance | B21: x | C21: Rance
A22: Rhys (RJ) | B22: x | C22: Rhys (RJ)
A23: Rohan | B23: x | C23: Rohan
A24: Sam C
A25: Scott | B25: x | C25: Scott
A26: Shane | B26: x | C26: Shane
A27: Tarquin | B27: x | C27: Tarquin
A28: Toby | B28: x | C28: Toby
A29: Tom
A30: Wes

Sheet Sheet3
A1: Aaron | B1: Adam | C1: Alex | D1: Alex K | E1: Cam | F1: Claire | G1: Col | H1: Dan | I1: Fraser | J1: Grant | K1: Jack | L1: Joe | M1: Kate | N1: Laura E | O1: Laura K | P1: Ming | Q1: Rhys | R1: Rohan | S1: Sam | T1: Scott | U1: Shane | V1: Tarquin | W1: Tim | X1: Toby
A2: 23 | B2: 22 | C2: 22 | D2: 5 | E2: 27 | F2: 13 | G2: 18 | H2: 7 | I2: 10 | J2: 14 | K2: 3 | L2: 12 | M2: 3 | N2: 11 | O2: 4 | P2: 10 | Q2: 9 | R2: 8 | S2: 3 | T2: 27 | U2: 18 | V2: 3 | W2: 3 | X2: 14
A4: {=transpose(A1:X2)} -> Aaron | B4: 23
A5: Adam | B5: 22
A6: Alex | B6: 22
A7: Alex K | B7: 5
A8: Cam | B8: 27
A9: Claire | B9: 13
A10: Col | B10: 18
A11: Dan | B11: 7
A12: Fraser | B12: 10
A13: Grant | B13: 14
A14: Jack | B14: 3
A15: Joe | B15: 12
A16: Kate | B16: 3
... A28: +1's | B28: 9
